methos,w,loss
simple least squares,"[ 4627.2586056  -4742.63531848  -121.89946192 ...  3119.23077737
 -4375.93986496  1820.28822856]",0.6638077119752045
least-squares with cross-validation,"[ 4427.78293436 -4650.24163973  -122.15639909 ...  2951.29540841
 -4237.15419702  1767.5755911 ]",0.9986835640672199
