methos,w,loss
simple least squares,"[ 4627.2586056  -4742.63531848  -121.89946192 ...  3119.23077737
 -4375.93986496  1820.28822856]",0.6638077119752045
least-squares with cross-validation,"[ 4344.78363467 -4458.87209541  -190.28068673 ...  3071.47836076
 -4327.9846518   1788.50712982]",1.12507990409526
